,foodb_id,orig_name,scientific_name,itis_id,food_group,food_subgroup,ncbi_taxon_id
0,FOOD00001,Angelica,Angelica keiskei,,Herbs and Spices,Herbs,357850.0
1,FOOD00002,Savoy cabbage,Brassica oleracea var. sabauda,,Vegetables,Cabbages,1216010.0
2,FOOD00003,Silver linden,Tilia argentea,845789,Herbs and Spices,Herbs,
3,FOOD00004,Kiwi,Actinidia chinensis,506775,Fruits,Tropical fruits,3625.0
4,FOOD00005,Allium,Allium,42634,Vegetables,Onion-family vegetables,4678.0
5,FOOD00006,Garden onion,Allium cepa,42720,Vegetables,Onion-family vegetables,4679.0
6,FOOD00007,Leek,Allium porrum,42659,Vegetables,Onion-family vegetables,
7,FOOD00008,Garlic,Allium sativum,42652,Herbs and Spices,Herbs,4682.0
8,FOOD00009,Chives,Allium schoenoprasum,42636,Herbs and Spices,Herbs,74900.0
9,FOOD00010,Lemon verbena,Aloysia triphylla,32135,Herbs and Spices,Herbs,542672.0
10,FOOD00011,Cashew nut,Anacardium occidentale,28793,Nuts,Nuts,171929.0
11,FOOD00012,Pineapple,Ananas comosus,42335,Fruits,Tropical fruits,4615.0
12,FOOD00013,Dill,Anethum graveolens,29584,Herbs and Spices,Herbs,40922.0
13,FOOD00014,Custard apple,Annona reticulata,18099,Fruits,Tropical fruits,301862.0
14,FOOD00015,Wild celery,Apium graveolens,182184,Herbs and Spices,Spices,4045.0
15,FOOD00016,Peanut,Arachis hypogaea,26463,Nuts,Nuts,3818.0
16,FOOD00017,Burdock,Arctium lappa,36545,Vegetables,Root vegetables,4217.0
17,FOOD00018,Horseradish,Armoracia rusticana,23044,Herbs and Spices,Spices,3704.0
18,FOOD00019,Tarragon,Artemisia dracunculus,35462,Herbs and Spices,Herbs,72341.0
19,FOOD00020,Mugwort,Artemisia vulgaris,35505,Herbs and Spices,Herbs,4220.0
20,FOOD00021,Asparagus,Asparagus officinalis,42784,Vegetables,Shoot vegetables,4686.0
21,FOOD00022,Oat,Avena sativa,41459,Cereals and cereal products,Cereals,4498.0
22,FOOD00023,Star fruit,Averrhoa carambola,506371,Fruits,Tropical fruits,28974.0
23,FOOD00024,Brazil nut,Bertholletia excelsa,21989,Nuts,Nuts,3645.0
24,FOOD00025,Common beet,Beta vulgaris,20681,Vegetables,Leaf vegetables,161934.0
25,FOOD00026,Borage,Borago officinalis,31727,Herbs and Spices,Oilseed crops,13363.0
26,FOOD00027,Chinese mustard,Brassica juncea,23059,Vegetables,Cabbages,3707.0
27,FOOD00028,Swede,Brassica napus,23060,Vegetables,Root vegetables,3708.0
28,FOOD00029,Rape,Brassica napus var. napus,530955,Vegetables,Root vegetables,138011.0
29,FOOD00030,Common cabbage,Brassica oleracea,23062,Vegetables,Cabbages,3712.0
30,FOOD00031,Cauliflower,Brassica oleracea var. botrytis,530957,Vegetables,Cabbages,3715.0
31,FOOD00032,Brussel sprouts,Brassica oleracea var. gemmifera,530959,Vegetables,Cabbages,178616.0
32,FOOD00033,Kohlrabi,Brassica oleracea var. gongylodes,530960,Vegetables,Root vegetables,109379.0
33,FOOD00034,Broccoli,Brassica oleracea var. italica,530961,Vegetables,Cabbages,36774.0
34,FOOD00035,Chinese cabbage,Brassica rapa,23063,Vegetables,Cabbages,3711.0
35,FOOD00036,Turnip,Brassica rapa var. rapa,526965,Herbs and Spices,Herbs,51350.0
36,FOOD00037,Pigeon pea,Cajanus cajan,26516,Pulses,Peas,3821.0
37,FOOD00038,Tea,Camellia sinensis,506801,Teas,Teas,4442.0
38,FOOD00039,Capers,Capparis spinosa,505885,Herbs and Spices,Spices,65558.0
39,FOOD00040,Pepper,Capsicum annuum,30492,Vegetables,Fruit vegetables,4072.0
40,FOOD00041,Papaya,Carica papaya,22324,Fruits,Tropical fruits,3649.0
41,FOOD00042,Safflower,Carthamus tinctorius,501305,Herbs and Spices,Oilseed crops,4222.0
42,FOOD00043,Caraway,Carum carvi,29610,Herbs and Spices,Spices,48032.0
43,FOOD00044,Pecan nut,Carya illinoinensis,19234,Nuts,Nuts,32201.0
44,FOOD00045,Chestnut,Castanea,19451,Nuts,Nuts,21019.0
45,FOOD00046,Roman camomile,Chamaemelum nobile,501396,Herbs and Spices,Herbs,99037.0
46,FOOD00047,Chickpea,Cicer arietinum,26537,Pulses,Peas,3827.0
47,FOOD00048,Endive,Cichorium endivia,501522,Vegetables,Leaf vegetables,114280.0
48,FOOD00049,Chicory,Cichorium intybus,36763,Vegetables,Root vegetables,13427.0
49,FOOD00050,Chinese cinnamon,Cinnamomum aromaticum,506205,Herbs and Spices,Spices,119260.0
50,FOOD00051,Ceylon cinnamon,Cinnamomum verum,501529,Herbs and Spices,Spices,128608.0
51,FOOD00052,Watermelon,Citrullus lanatus,22356,Gourds,Gourds,3654.0
52,FOOD00053,Lime,Citrus aurantiifolia,506403,Fruits,Citrus,159033.0
53,FOOD00054,Lemon,Citrus limon,28885,Fruits,Citrus,2708.0
54,FOOD00055,Pummelo,Citrus maxima,501574,Fruits,Citrus,37334.0
55,FOOD00056,"Mandarin orange (Clementine, Tangerine)",Citrus reticulata,28888,Fruits,Citrus,85571.0
56,FOOD00057,Sweet orange,Citrus sinensis,28889,Fruits,Citrus,2711.0
57,FOOD00058,Coffee,Coffea,35189,Coffee and coffee products,Coffee,13442.0
58,FOOD00059,Arabica coffee,Coffea arabica,35190,Coffee and coffee products,Coffee,13443.0
59,FOOD00060,Robusta coffee,Coffea canephora,506060,Coffee and coffee products,Coffee,49390.0
60,FOOD00061,Coriander,Coriandrum sativum,29622,Herbs and Spices,Herbs,4047.0
61,FOOD00062,Common hazelnut,Corylus avellana,501642,Nuts,Nuts,13451.0
62,FOOD00063,Saffron,Crocus sativus,501794,Herbs and Spices,Spices,82528.0
63,FOOD00064,Muskmelon,Cucumis melo,22362,Gourds,Gourds,3656.0
64,FOOD00065,Cucumber,Cucumis sativus,22364,Gourds,Gourds,3659.0
65,FOOD00066,Cucurbita,Cucurbita,22365,Gourds,Gourds,3660.0
66,FOOD00067,Cumin,Cuminum cyminum,501839,Herbs and Spices,Spices,52462.0
67,FOOD00068,Turmeric,Curcuma longa,42394,Herbs and Spices,Spices,136217.0
68,FOOD00069,Quince,Cydonia oblonga,25159,Fruits,Pomes,36610.0
69,FOOD00070,Lemon grass,Cymbopogon citratus,41613,Herbs and Spices,Herbs,66014.0
70,FOOD00071,Globe artichoke,Cynara scolymus,37222,Vegetables,Shoot vegetables,59895.0
71,FOOD00072,Wild carrot,Daucus carota,29477,Vegetables,Root vegetables,4039.0
72,FOOD00073,Japanese persimmon,Diospyros kaki,505970,Fruits,Tropical fruits,35925.0
73,FOOD00074,Cardamom,Elettaria cardamomum,506505,Herbs and Spices,Spices,105181.0
74,FOOD00075,Black crowberry,Empetrum nigrum,23743,Fruits,Berries,191066.0
75,FOOD00076,Loquat,Eriobotrya japonica,502403,Fruits,Tropical fruits,32224.0
76,FOOD00077,Rocket salad (ssp.),Eruca vesicaria ssp. sativa,524057,Vegetables,Leaf vegetables,29727.0
77,FOOD00078,Wax apple,Eugenia javanica,27192,Fruits,Tropical fruits,119950.0
78,FOOD00079,Common buckwheat,Fagopyrum esculentum,502589,Cereals and cereal products,Cereals,3617.0
79,FOOD00080,Tartary buckwheat,Fagopyrum tataricum,21283,Cereals and cereal products,Cereals,62330.0
80,FOOD00081,Fig,Ficus carica,19093,Fruits,Other fruits,3494.0
81,FOOD00082,Fennel,Foeniculum vulgare,29509,Herbs and Spices,Herbs,48038.0
82,FOOD00083,Strawberry,Fragaria X ananassa,24630,Fruits,Berries,3747.0
83,FOOD00084,Black huckleberry,Gaylussacia baccata,23660,Fruits,Berries,128893.0
84,FOOD00085,Soy bean,Glycine max,26716,Soy,Soy,3847.0
85,FOOD00086,Sunflower,Helianthus annuus,36616,Herbs and Spices,Oilseed crops,4232.0
86,FOOD00087,Sea-buckthornberry,Hippophae rhamnoides,503044,Fruits,Berries,193516.0
87,FOOD00088,Barley,Hordeum vulgare,40874,Cereals and cereal products,Cereals,4513.0
88,FOOD00089,Hyssop,Hyssopus officinalis,32536,Herbs and Spices,Herbs,39324.0
89,FOOD00090,Star anise,Illicium verum,505892,Herbs and Spices,Spices,124778.0
90,FOOD00091,Swamp cabbage,Ipomoea aquatica,30759,Vegetables,Leaf vegetables,89636.0
91,FOOD00092,Sweet potato,Ipomoea batatas,30764,Vegetables,Tubers,4120.0
92,FOOD00093,Black walnut,Juglans nigra,19254,Nuts,Nuts,16719.0
93,FOOD00094,Common walnut,Juglans regia,503244,Nuts,Nuts,51240.0
94,FOOD00095,Lettuce,Lactuca sativa,36607,Vegetables,Leaf vegetables,4236.0
95,FOOD00096,Grass pea,Lathyrus sativus,25877,Pulses,Peas,3860.0
96,FOOD00097,Sweet bay,Laurus nobilis,503343,Herbs and Spices,Herbs,85223.0
97,FOOD00098,Lentils,Lens culinaris,503364,Pulses,Lentils,3864.0
98,FOOD00099,Garden cress,Lepidium sativum,22978,Vegetables,Leaf vegetables,33125.0
99,FOOD00100,Lovage,Levisticum officinale,29673,Herbs and Spices,Herbs,48042.0
100,FOOD00101,Flaxseed,Linum usitatissimum,29226,Herbs and Spices,Oilseed crops,4006.0
101,FOOD00102,Mexican oregano,Lippia graveolens,32068,Herbs and Spices,Herbs,
102,FOOD00103,Lichee,Litchi chinensis,503504,Fruits,Tropical fruits,151069.0
103,FOOD00104,Lupine,Lupinus,25916,Pulses,Other pulses,3869.0
104,FOOD00105,Apple,Malus pumila,25262,Fruits,Pomes,283210.0
105,FOOD00106,Mango,Mangifera indica,28803,Fruits,Tropical fruits,29780.0
106,FOOD00107,German camomile,Matricaria recutita,38079,Herbs and Spices,Herbs,127986.0
107,FOOD00108,Lemon balm,Melissa officinalis,32565,Herbs and Spices,Herbs,39338.0
108,FOOD00109,Mentha,Mentha,32264,Herbs and Spices,Herbs,21819.0
109,FOOD00110,Orange mint,Mentha aquatica,32268,Herbs and Spices,Herbs,190902.0
110,FOOD00111,Cornmint,Mentha arvensis,565302,Herbs and Spices,Herbs,292239.0
111,FOOD00112,Spearmint,Mentha spicata,32272,Herbs and Spices,Herbs,29719.0
112,FOOD00113,Peppermint,Mentha X piperita,32275,Herbs and Spices,Herbs,34256.0
113,FOOD00114,Medlar,Mespilus germanica,506235,Fruits,Pomes,36616.0
114,FOOD00115,Bitter gourd,Momordica charantia,22399,Gourds,Gourds,3673.0
115,FOOD00116,Mulberry,Morus,19064,Fruits,Berries,3497.0
116,FOOD00117,Black mulberry,Morus nigra,19069,Fruits,Berries,85232.0
117,FOOD00118,Nutmeg,Myristica fragrans,18125,Herbs and Spices,Spices,51089.0
118,FOOD00119,Sweet basil,Ocimum basilicum,32627,Herbs and Spices,Herbs,39350.0
119,FOOD00120,Evening primrose,Oenothera biennis,27368,Herbs and Spices,Oilseed crops,3942.0
120,FOOD00121,Olive,Olea europaea,32990,Vegetables,Fruit vegetables,4146.0
121,FOOD00122,Sweet marjoram,Origanum majorana,32631,Herbs and Spices,Herbs,268884.0
122,FOOD00123,Pot marjoram,Origanum onites,506029,Herbs and Spices,Herbs,452416.0
123,FOOD00124,Common oregano,Origanum vulgare,32632,Herbs and Spices,Herbs,39352.0
124,FOOD00125,Rice,Oryza sativa,41976,Cereals and cereal products,Cereals,4530.0
125,FOOD00126,Millet,Panicum miliaceum,40946,Cereals and cereal products,Cereals,4540.0
126,FOOD00127,Poppy,Papaver,18881,Herbs and Spices,Oilseed crops,3468.0
127,FOOD00128,Passion fruit,Passiflora edulis,22223,Fruits,Tropical fruits,78168.0
128,FOOD00129,Parsnip,Pastinaca sativa,29795,Vegetables,Root vegetables,4041.0
129,FOOD00130,Avocado,Persea americana,18154,Vegetables,Fruit vegetables,3435.0
130,FOOD00131,Parsley,Petroselinum crispum,29817,Herbs and Spices,Herbs,4043.0
131,FOOD00132,Scarlet bean,Phaseolus coccineus,26845,Pulses,Beans,3886.0
132,FOOD00133,Lima bean,Phaseolus lunatus,26850,Pulses,Beans,3884.0
133,FOOD00134,Common bean,Phaseolus vulgaris,26857,Pulses,Beans,3885.0
134,FOOD00135,Date,Phoenix dactylifera,42458,Fruits,Other fruits,42345.0
135,FOOD00136,Black chokeberry,Photinia melanocarpa,565397,Fruits,Berries,661339.0
136,FOOD00137,Anise,Pimpinella anisum,29822,Herbs and Spices,Herbs,271192.0
137,FOOD00138,Pine nut,Pinus,18035,Nuts,Nuts,3337.0
138,FOOD00139,Pepper (Spice),Piper nigrum,18310,Herbs and Spices,Spices,13216.0
139,FOOD00140,Pistachio,Pistacia vera,506470,Nuts,Nuts,55513.0
140,FOOD00141,Common pea,Pisum sativum,26867,Pulses,Peas,3888.0
141,FOOD00142,Purslane,Portulaca oleracea,20422,Herbs and Spices,Herbs,46147.0
142,FOOD00143,"Prunus (Cherry, Plum)",Prunus,24762,Fruits,Drupes,3754.0
143,FOOD00144,Apricot,Prunus armeniaca,24769,Fruits,Drupes,36596.0
144,FOOD00145,Sweet cherry,Prunus avium,24770,Fruits,Drupes,42229.0
145,FOOD00146,Sour cherry,Prunus cerasus,24773,Fruits,Drupes,140311.0
146,FOOD00147,European plum,Prunus domestica,24774,Fruits,Drupes,3758.0
147,FOOD00148,Almond,Prunus dulcis,24775,Nuts,Nuts,3755.0
148,FOOD00149,Peach,Prunus persica,24765,Fruits,Drupes,3760.0
149,FOOD00150,Guava,Psidium guajava,27240,Fruits,Tropical fruits,120290.0
150,FOOD00151,Pomegranate,Punica granatum,27278,Fruits,Tropical fruits,22663.0
151,FOOD00152,Pear,Pyrus communis,25295,Fruits,Pomes,23211.0
152,FOOD00153,Radish,Raphanus sativus,23290,Vegetables,Root vegetables,3726.0
153,FOOD00154,Garden rhubarb,Rheum rhabarbarum,504747,Vegetables,Stalk vegetables,3621.0
154,FOOD00155,Blackcurrant,Ribes nigrum,24488,Fruits,Berries,78511.0
155,FOOD00156,Redcurrant,Ribes rubrum,504798,Fruits,Berries,175228.0
156,FOOD00157,Gooseberry,Ribes uva-crispa,504800,Fruits,Berries,135518.0
157,FOOD00158,Watercress,Rorippa nasturtium-aquaticum,22993,Herbs and Spices,Herbs,135518.0
158,FOOD00159,Rosemary,Rosmarinus officinalis,32677,Herbs and Spices,Herbs,39367.0
159,FOOD00160,"Rubus (Blackberry, Raspberry)",Rubus,24848,Fruits,Berries,23216.0
160,FOOD00161,Cloudberry,Rubus chamaemorus,24850,Fruits,Berries,57936.0
161,FOOD00162,Red raspberry,Rubus idaeus,24947,Fruits,Berries,32247.0
162,FOOD00163,Black raspberry,Rubus occidentalis,24854,Fruits,Berries,75079.0
163,FOOD00164,Sorrel,Rumex acetosa,504901,Herbs and Spices,Herbs,41241.0
164,FOOD00165,Common sage,Salvia officinalis,32729,Herbs and Spices,Herbs,38868.0
165,FOOD00166,Black elderberry,Sambucus nigra,35324,Fruits,Berries,4202.0
166,FOOD00167,Summer savory,Satureja hortensis,32308,Herbs and Spices,Herbs,49987.0
167,FOOD00168,Winter savory,Satureja montana,505016,Herbs and Spices,Herbs,49988.0
168,FOOD00169,Rye,Secale cereale,42090,Cereals and cereal products,Cereals,4550.0
169,FOOD00170,Sesame,Sesamum orientale,505186,Herbs and Spices,Oilseed crops,4182.0
170,FOOD00171,Garden tomato,Solanum lycopersicum,521671,Vegetables,Fruit vegetables,4081.0
171,FOOD00172,Cherry tomato,Solanum lycopersicum var. cerasiforme,566309,Vegetables,Fruit vegetables,195583.0
172,FOOD00173,Garden tomato (var.),Solanum lycopersicum var. lycopersicum,566310,Vegetables,Fruit vegetables,397755.0
173,FOOD00174,Eggplant,Solanum melongena,30446,Vegetables,Fruit vegetables,4111.0
174,FOOD00175,Potato,Solanum tuberosum,505272,Vegetables,Tubers,4113.0
175,FOOD00176,Rowanberry,Sorbus aucuparia,25320,Fruits,Berries,36599.0
176,FOOD00177,Sorghum,Sorghum bicolor,42108,Cereals and cereal products,Cereals,4558.0
177,FOOD00178,Spinach,Spinacia oleracea,20709,Vegetables,Leaf vegetables,3562.0
178,FOOD00179,Cloves,Syzygium aromaticum,506167,Herbs and Spices,Spices,219868.0
179,FOOD00180,Tamarind,Tamarindus indica,26980,Fruits,Tropical fruits,58860.0
180,FOOD00181,Dandelion,Taraxacum officinale,36213,Herbs and Spices,Herbs,50225.0
181,FOOD00182,Cocoa bean,Theobroma cacao,505487,Cocoa and cocoa products,Cocoa,3641.0
182,FOOD00183,Common thyme,Thymus vulgaris,505501,Herbs and Spices,Herbs,49992.0
183,FOOD00184,Linden,Tilia,21535,Herbs and Spices,Herbs,64580.0
184,FOOD00185,Small-leaf linden,Tilia cordata,505507,Herbs and Spices,Herbs,172266.0
185,FOOD00186,Fenugreek,Trigonella foenum-graecum,505590,Herbs and Spices,Herbs,78534.0
186,FOOD00187,Common wheat,Triticum aestivum,42237,Cereals and cereal products,Cereals,4565.0
187,FOOD00188,"Vaccinium (Blueberry, Cranberry, Huckleberry)",Vaccinium,23571,Fruits,Berries,13749.0
188,FOOD00189,Lowbush blueberry,Vaccinium angustifolium,23579,Fruits,Berries,472369.0
189,FOOD00190,Sparkleberry,Vaccinium arboreum,23580,Fruits,Berries,229201.0
190,FOOD00191,Highbush blueberry,Vaccinium corymbosum,23573,Fruits,Berries,69266.0
191,FOOD00192,American cranberry,Vaccinium macrocarpon,23599,Fruits,Berries,13750.0
192,FOOD00193,Bilberry,Vaccinium myrtillus,23605,Fruits,Berries,180763.0
193,FOOD00194,Lingonberry,Vaccinium vitis-idaea,505637,Fruits,Berries,180772.0
194,FOOD00195,Vanilla,Vanilla,43714,Herbs and Spices,Spices,51238.0
195,FOOD00196,Common verbena,Verbena officinalis,32110,Herbs and Spices,Herbs,79772.0
196,FOOD00197,Broad bean,Vicia faba,26339,Pulses,Beans,3906.0
197,FOOD00198,Adzuki bean,Vigna angularis,505691,Pulses,Beans,3914.0
198,FOOD00199,Gram bean,Vigna mungo,506273,Pulses,Beans,3915.0
199,FOOD00200,Mung bean,Vigna radiata,506804,Pulses,Beans,157791.0
200,FOOD00201,Climbing bean,Vigna umbellata,506275,Pulses,Beans,87088.0
201,FOOD00202,Cowpea,Vigna unguiculata,27018,Pulses,Peas,3917.0
202,FOOD00203,Muscadine grape,Vitis rotundifolia,28609,Fruits,Berries,103349.0
203,FOOD00204,Common grape,Vitis vinifera,28629,Fruits,Berries,29760.0
204,FOOD00205,Corn,Zea mays,42269,Cereals and cereal products,Cereals,4577.0
205,FOOD00206,Ginger,Zingiber officinale,42402,Herbs and Spices,Spices,94328.0
206,FOOD00207,Arctic blackberry,Rubus arcticus,24849,Fruits,Berries,70741.0
207,FOOD00208,Banana,Musa acuminata,42390,Fruits,Tropical fruits,4641.0
208,FOOD00209,Bayberry,Myrica,19260,Fruits,Berries,3509.0
209,FOOD00210,Elliott's blueberry,Vaccinium elliottii,23592,Fruits,Berries,283798.0
210,FOOD00211,Canada blueberry,Vaccinium myrtilloides,23604,Fruits,Berries,1503870.0
211,FOOD00212,Bog bilberry,Vaccinium uliginosum,23574,Fruits,Berries,190548.0
212,FOOD00213,Buffalo currant,Ribes aureum var. villosum,530043,Fruits,Berries,23283.0
213,FOOD00214,Celeriac,Apium graveolens var. rapaceum,530941,Vegetables,Root vegetables,278110.0
214,FOOD00215,Celery stalks,Apium graveolens var. dulce,182185,Vegetables,Stalk vegetables,117781.0
215,FOOD00216,Chinese chives,Allium tuberosum,506483,Herbs and Spices,Herbs,4683.0
216,FOOD00217,European cranberry,Vaccinium oxycoccos,505635,Fruits,Berries,516948.0
217,FOOD00218,Deerberry,Vaccinium stamineum,23615,Fruits,Berries,176259.0
218,FOOD00219,Ginseng,Panax,29398,Herbs and Spices,Spices,4054.0
219,FOOD00220,Cascade huckleberry,Vaccinium deliciosum,23591,Fruits,Berries,190531.0
220,FOOD00221,Oval-leaf huckleberry,Vaccinium ovalifolium,23607,Fruits,Berries,190544.0
221,FOOD00222,Evergreen huckleberry,Vaccinium ovatum,23608,Fruits,Berries,84019.0
222,FOOD00223,Red huckleberry,Vaccinium parvifolium,23612,Fruits,Berries,180766.0
223,FOOD00224,Longan,Dimocarpus longan,506072,Fruits,Tropical fruits,128017.0
224,FOOD00225,Macadamia nut (M. tetraphylla),Macadamia tetraphylla,506560,Nuts,Nuts,512563.0
225,FOOD00226,Garden onion (var.),Allium cepa var. cepa,182638,Vegetables,Onion-family vegetables,4679.0
226,FOOD00227,Summer grape,Vitis aestivalis,28607,Fruits,Berries,3605.0
227,FOOD00228,Fox grape,Vitis labrusca,28608,Fruits,Berries,103355.0
228,FOOD00229,Nectarine,Prunus persica var. nucipersica,530965,Fruits,Drupes,323851.0
229,FOOD00230,Peach (var.),Prunus persica var. persica,530964,Fruits,Drupes,323852.0
230,FOOD00231,Pepper (C. baccatum),Capsicum baccatum var. baccatum,530932,Vegetables,Fruit vegetables,165788.0
231,FOOD00232,Pepper (C. chinense),Capsicum chinense,30494,Vegetables,Fruit vegetables,80379.0
232,FOOD00233,Pepper (Capsicum),Capsicum,30491,Vegetables,Fruit vegetables,4071.0
233,FOOD00234,Rambutan,Nephelium lappaceum,506073,Fruits,Tropical fruits,151071.0
234,FOOD00235,Red rice,Oryza rufipogon,504068,Cereals and cereal products,Cereals,4529.0
235,FOOD00236,Annual wild rice,Zizania aquatica,41319,Cereals and cereal products,Cereals,75727.0
236,FOOD00237,Swiss chard,Beta vulgaris ssp. cicla,524868,Vegetables,Leaf vegetables,1527200.0
237,FOOD00238,Lemon thyme,Thymus pulegioides,505500,Herbs and Spices,Herbs,751873.0
238,FOOD00239,Tronchuda cabbage,Brassica oleracea var. costata,530958,Vegetables,Cabbages,416546.0
239,FOOD00240,Japanese walnut,Juglans ailanthifolia,503241,Nuts,Nuts,91209.0
240,FOOD00241,Welsh onion,Allium fistulosum,185463,Herbs and Spices,Herbs,35875.0
241,FOOD00242,Hard wheat,Triticum durum,42240,Cereals and cereal products,Cereals,4567.0
242,FOOD00243,Shallot,Allium ascalonicum,506481,Vegetables,Onion-family vegetables,1476995.0
243,FOOD00244,Rocket salad,Eruca vesicaria,502429,Vegetables,Leaf vegetables,180536.0
244,FOOD00245,Carrot,Daucus carota ssp. sativus,524846,Vegetables,Root vegetables,79200.0
245,FOOD00246,Triticale,X Triticosecale rimpaui,506625,Cereals and cereal products,Cereals,
246,FOOD00247,Black cabbage,Brassica oleracea var. viridis,,Vegetables,Cabbages,3713.0
247,FOOD00248,Half-highbush blueberry,Vaccinium angustifolium X Vaccinium corymbosum,,Fruits,Berries,934696.0
248,FOOD00249,Celery leaves,Apium graveolens var. secalinum,,Herbs and Spices,Herbs,941588.0
249,FOOD00250,Chicory leaves,Cichorium intybus var. foliosum,781014,Vegetables,Leaf vegetables,13427.0
250,FOOD00251,Komatsuna,Brassica rapa var. perviridis,532656,Vegetables,Cabbages,344680.0
251,FOOD00252,Pak choy,Brassica rapa var. chinensis,,Vegetables,Cabbages,93385.0
252,FOOD00253,Napa cabbage,Brassica rapa var. pekinensis,,Vegetables,Cabbages,51351.0
253,FOOD00254,Chicory roots,Cichorium intybus var. sativum,781020,Vegetables,Root vegetables,13427.0
254,FOOD00255,Grapefruit/Pummelo hybrid,Citrus paradisi X Citrus maxima,,Fruits,Citrus,37656.0
255,FOOD00256,Grapefruit,Citrus X paradisi,28887,Fruits,Citrus,37656.0
256,FOOD00257,Jostaberry,Ribes × nidigrolaria,,Fruits,Berries,
257,FOOD00258,Kai-lan,Brassica oleracea var. alboglabra,532650,Vegetables,Cabbages,3714.0
258,FOOD00259,Italian oregano,Origanum X majoricum,,Herbs and Spices,Herbs,1384207.0
259,FOOD00260,Oxheart cabbage,Brassica oleracea var. conica,,Vegetables,Cabbages,
260,FOOD00261,Daikon radish,Raphanus sativus var. longipinnatus,,Vegetables,Root vegetables,41679.0
261,FOOD00262,Black radish,Raphanus sativus var. niger,,Vegetables,Root vegetables,41679.0
262,FOOD00263,Radish (var.),Raphanus sativus var. sativus,,Vegetables,Root vegetables,240228.0
263,FOOD00264,Red beetroot,Beta vulgaris var. rubra,,Vegetables,Root vegetables,
264,FOOD00265,Sweet rowanberry,Grataegosorbus mitschurinii,,Fruits,Berries,
265,FOOD00266,Pineappple sage,Salvia elegans,832880,Herbs and Spices,Herbs,888065.0
266,FOOD00267,Skunk currant,Ribes glandulosum,24466,Fruits,Berries,175226.0
267,FOOD00268,Beer,,,Beverages,Fermented beverages,
268,FOOD00269,Other bread,,,Cereals and cereal products,Other breads,
269,FOOD00270,Breakfast cereal,,,Cereals and cereal products,Cereal products,
270,FOOD00271,Other soy product,,,Soy,Soy products,
271,FOOD00272,Other cereal product,,,Cereals and cereal products,Cereal products,
272,FOOD00273,Pasta,,,Cereals and cereal products,Cereal products,
273,FOOD00274,Biscuit,,,Cereals and cereal products,Cereal products,
274,FOOD00275,Sourdough,,,Cereals and cereal products,Doughs,
275,FOOD00276,Spirit,,,Beverages,Distilled beverages,
276,FOOD00277,Fortified wine,,,Beverages,Fortified wines,
277,FOOD00278,Other alcoholic beverage,,,Beverages,Alcoholic beverages,
278,FOOD00279,Abalone,Haliotis,69493,Aquatic foods,Mollusks,6452.0
279,FOOD00280,Abiyuch,Crateva religiosa,505883,Fruits,Tropical fruits,202634.0
280,FOOD00281,Acerola,Malpighia emarginata,29280,Fruits,Tropical fruits,151847.0
281,FOOD00282,Acorn,Quercus,19276,Nuts,Nuts,3511.0
282,FOOD00283,Winter squash,Cucurbita maxima,22369,Gourds,Gourds,3661.0
283,FOOD00284,Agar,Eucheuma,11923,Aquatic foods,Seaweed,31444.0
284,FOOD00285,Red king crab,Paralithodes camtschaticus,97935,Aquatic foods,Crustaceans,6741.0
285,FOOD00286,Alfalfa,Medicago sativa,183623,Herbs and Spices,Herbs,3879.0
286,FOOD00287,Allspice,Pimenta dioica,27247,Herbs and Spices,Spices,375272.0
287,FOOD00288,Amaranth,Amaranthus,20715,Herbs and Spices,Herbs,3564.0
288,FOOD00289,Arrowhead,Sagittaria latifolia,38908,Vegetables,Tubers,15008.0
289,FOOD00290,Arrowroot,Maranta arundinacea,503694,Vegetables,Tubers,210060.0
290,FOOD00291,Asian pear,Pyrus pyrifolia,25296,Fruits,Pomes,3767.0
291,FOOD00292,Atlantic herring,Clupea harengus harengus,161724,Aquatic foods,Fishes,7950.0
292,FOOD00293,Atlantic mackerel,Scomber scombrus,172414,Aquatic foods,Fishes,13677.0
293,FOOD00294,Painted comber,Serranus scriba,167862,Aquatic foods,Fishes,349661.0
294,FOOD00295,Atlantic pollock,Pollachius pollachius,164728,Aquatic foods,Fishes,185739.0
295,FOOD00296,Atlantic wolffish,Anarhichas lupus,171341,Aquatic foods,Fishes,8204.0
296,FOOD00297,Bamboo shoots,Phyllostachys edulis,565400,Vegetables,Shoot vegetables,38705.0
297,FOOD00298,Striped bass,Morone saxatilis,167680,Aquatic foods,Fishes,34816.0
298,FOOD00299,Beech nut,Fagus,19461,Nuts,Nuts,21024.0
299,FOOD00300,Beluga whale,Delphinapterus leucas,180483,Aquatic foods,Cetaceans,9749.0
300,FOOD00301,Bison,Bison bison,180706,Animal foods,Bovines,9901.0
301,FOOD00302,Alaska blackfish,Dallia pectoralis,162159,Aquatic foods,Fishes,75939.0
302,FOOD00303,Blue crab,Callinectes sapidus,98696,Aquatic foods,Crustaceans,6763.0
303,FOOD00304,Blue mussel,Mytilus edulis,79454,Aquatic foods,Mollusks,6550.0
304,FOOD00305,Northern bluefin tuna,Thunnus thynnus,172421,Aquatic foods,Fishes,8237.0
305,FOOD00306,Bluefish,Pomatomus saltatrix,168559,Aquatic foods,Fishes,75034.0
306,FOOD00307,Wild boar,Sus scrofa,180722,Animal foods,Swine,9823.0
307,FOOD00308,Bowhead whale,Balaena mysticetus,180533,Aquatic foods,Cetaceans,27602.0
308,FOOD00309,Breadfruit,Artocarpus altilis,184181,Fruits,Tropical fruits,194251.0
309,FOOD00310,Breadnut tree seed,Brosimum alicastrum,19075,Herbs and Spices,Other seeds,194253.0
310,FOOD00311,Rapini,Brassica ruvo,506216,Vegetables,Cabbages,1204434.0
311,FOOD00312,Buffalo,Bubalus bubalis,552476,Animal foods,Bovines,89462.0
312,FOOD00313,Burbot,Lota lota,164725,Aquatic foods,Fishes,69944.0
313,FOOD00314,Giant butterbur,Petasites japonicus,36057,Vegetables,Other vegetables,186965.0
314,FOOD00315,American butterfish,Peprilus triacanthus,172567,Aquatic foods,Fishes,183653.0
315,FOOD00316,Butternut,Juglans cinerea,19250,Nuts,Nuts,91214.0
316,FOOD00317,Butternut squash,Cucurbita moschata,22370,Gourds,Gourds,3662.0
317,FOOD00318,Calabash,Lagenaria siceraria,22386,Gourds,Gourds,3668.0
318,FOOD00319,Cardoon,Cynara cardunculus,37221,Vegetables,Shoot vegetables,4265.0
319,FOOD00320,Natal plum,Carissa macrocarpa,501290,Fruits,Tropical fruits,403101.0
320,FOOD00321,Carob,Ceratonia siliqua,26531,Vegetables,Other vegetables,20340.0
321,FOOD00322,Common carp,Cyprinus carpio,163344,Aquatic foods,Fishes,7962.0
322,FOOD00323,Cassava,Manihot esculenta,503688,Vegetables,Tubers,3983.0
323,FOOD00324,Channel catfish,Ictalurus punctatus,163998,Aquatic foods,Fishes,7998.0
324,FOOD00325,Chayote,Sechium edule,22441,Gourds,Gourds,184140.0
325,FOOD00326,Cherimoya,Annona cherimola,506198,Fruits,Tropical fruits,49314.0
326,FOOD00327,Chervil,Anthriscus cerefolium,29587,Herbs and Spices,Spices,40888.0
327,FOOD00328,Chia,Salvia hispanica,32718,Herbs and Spices,Other seeds,49212.0
328,FOOD00329,Chicken,Gallus gallus,176086,Animal foods,Poultry,9031.0
329,FOOD00330,Chinese broccoli,Brassica alboglabra,506218,Vegetables,Cabbages,3714.0
330,FOOD00331,Chinese chestnut,Castanea mollissima,501318,Nuts,Nuts,60419.0
331,FOOD00332,Chinese water chestnut,Eleocharis dulcis,506699,Vegetables,Other vegetables,110284.0
332,FOOD00333,Garland chrysanthemum,Chrysanthemum coronarium,35796,Vegetables,Leaf vegetables,99038.0
333,FOOD00334,Cisco,Coregonus artedi,623384,Aquatic foods,Fishes,36181.0
334,FOOD00335,Nuttall cockle,Clinocardium nuttallii,80873,Aquatic foods,Mollusks,410350.0
335,FOOD00336,Coconut,Cocos nucifera,42451,Fruits,Tropical fruits,13894.0
336,FOOD00337,Pacific cod,Gadus macrocephalus,164711,Aquatic foods,Fishes,80720.0
337,FOOD00338,Atlantic cod,Gadus morhua,164712,Aquatic foods,Fishes,8049.0
338,FOOD00339,Common octopus,Octopus vulgaris,82603,Aquatic foods,Mollusks,6645.0
339,FOOD00340,Corn salad,Valerianella locusta,35392,Vegetables,Leaf vegetables,59166.0
340,FOOD00341,Cottonseed,Gossypium,21709,Herbs and Spices,Oilseed crops,3633.0
341,FOOD00342,Catjang pea,Vigna unguiculata ssp. cylindrica,524854,Pulses,Peas,3840.0
342,FOOD00343,Malus (Crab apple),Malus,25254,Fruits,Pomes,3749.0
343,FOOD00344,Squashberry,Viburnum edule,35261,Fruits,Berries,237934.0
344,FOOD00345,Atlantic croaker,Micropogonias undulatus,169283,Aquatic foods,Fishes,29154.0
345,FOOD00346,Cusk,Brosme brosme,164740,Aquatic foods,Fishes,81638.0
346,FOOD00347,Cuttlefish,Sepiidae,82360,Aquatic foods,Mollusks,6608.0
347,FOOD00348,Mule deer,Odocoileus,180697,Animal foods,Venison,9871.0
348,FOOD00349,Devilfish,Myoxocephalus,167311,Aquatic foods,Fishes,8095.0
349,FOOD00350,Dock,Rumex,20933,Herbs and Spices,Herbs,3618.0
350,FOOD00351,Dolphin fish,Coryphaena hippurus,168791,Aquatic foods,Fishes,34814.0
351,FOOD00352,Freshwater drum,Aplodinotus grunniens,169364,Aquatic foods,Fishes,225389.0
352,FOOD00353,Mallard duck,Anas platyrhynchos,175063,Animal foods,Poultry,8839.0
353,FOOD00354,Dungeness crab,Cancer magister,98675,Aquatic foods,Crustaceans,29965.0
354,FOOD00355,Durian,Durio zibethinus,506099,Fruits,Tropical fruits,66656.0
355,FOOD00356,Eastern oyster,Crassostrea virginica,79872,Aquatic foods,Mollusks,6565.0
356,FOOD00357,Freshwater eel,Anguilla,161126,Aquatic foods,Fishes,7935.0
357,FOOD00358,Elderberry,Sambucus,35315,Fruits,Berries,4201.0
358,FOOD00359,Elk,Cervus canadensis,180695,Animal foods,Venison,1574408.0
359,FOOD00360,Emu,Dromaius novaehollandiae,174385,Animal foods,Poultry,8790.0
360,FOOD00361,Oregon yampah,Perideridia oregana,29811,Vegetables,Root vegetables,234866.0
361,FOOD00362,European anchovy,Engraulis encrasicolus,161831,Aquatic foods,Fishes,184585.0
362,FOOD00363,European chestnut,Castanea sativa,506541,Nuts,Nuts,21020.0
363,FOOD00364,Turbot,Scophthalmus maximus,616195,Aquatic foods,Fishes,52904.0
364,FOOD00365,Fireweed,Chamerion angustifolium,510756,Herbs and Spices,Herbs,13055.0
365,FOOD00366,Florida pompano,Trachinotus carolinus,168708,Aquatic foods,Fishes,173342.0
366,FOOD00367,Ginkgo nuts,Ginkgo biloba,183269,Herbs and Spices,Other seeds,3311.0
367,FOOD00368,Greylag goose,Anser anser,175028,Animal foods,Poultry,8843.0
368,FOOD00369,Grape,Vitis,28606,Fruits,Berries,3603.0
369,FOOD00370,Greenland halibut/turbot,Reinhardtius hippoglossoides,172930,Aquatic foods,Fishes,111784.0
370,FOOD00371,Groundcherry,Physalis,30587,Vegetables,Fruit vegetables,24663.0
371,FOOD00372,Grouper,Epinephelus,167694,Aquatic foods,Fishes,94231.0
372,FOOD00373,Guinea hen,Numida meleagris,176126,Animal foods,Poultry,8996.0
373,FOOD00374,Haddock,Melanogrammus aeglefinus,164744,Aquatic foods,Fishes,8056.0
374,FOOD00375,Hippoglossus (Common halibut),Hippoglossus,172931,Aquatic foods,Fishes,8266.0
375,FOOD00376,Hazelnut,Corylus,19505,Nuts,Nuts,13450.0
376,FOOD00377,Hickory nut,Carya,19223,Nuts,Nuts,13402.0
377,FOOD00378,Horse,Equus caballus,180691,Animal foods,Equines,9796.0
378,FOOD00379,Horseradish tree,Moringa oleifera,503874,Vegetables,Other vegetables,3735.0
379,FOOD00380,Alaska blueberry,Vaccinium alaskaense,23576,Fruits,Berries,190544.0
380,FOOD00381,Hyacinth bean,Lablab purpureus,503300,Pulses,Beans,35936.0
381,FOOD00382,Irish moss,Chondrus crispus,12092,Aquatic foods,Seaweed,2769.0
382,FOOD00383,Pacific jack mackerel,Trachurus symmetricus,168586,Aquatic foods,Fishes,271940.0
383,FOOD00384,Jackfruit,Artocarpus heterophyllus,184183,Fruits,Tropical fruits,3489.0
384,FOOD00385,Japanese chestnut,Castanea crenata,506540,Nuts,Nuts,103480.0
385,FOOD00386,Java plum,Syzygium cumini,505419,Fruits,Tropical fruits,260142.0
386,FOOD00387,Jerusalem artichoke,Helianthus tuberosus,36691,Vegetables,Tubers,4233.0
387,FOOD00388,Jujube,Ziziphus zizyphus,28598,Fruits,Other fruits,48393.0
388,FOOD00389,Jute,Corchorus olitorius,21516,Vegetables,Leaf vegetables,93759.0
389,FOOD00390,Kale,Brassica napus var. pabularia,530956,Vegetables,Cabbages,
390,FOOD00391,Kelp,Laminaria,11217,Aquatic foods,Seaweed,33637.0
391,FOOD00392,King mackerel,Scomberomorus cavalla,172435,Aquatic foods,Fishes,13679.0
392,FOOD00393,Kumquat,Fortunella,500284,Fruits,Tropical fruits,2706.0
393,FOOD00394,Lambsquarters,Chenopodium album,20592,Vegetables,Leaf vegetables,3559.0
394,FOOD00395,Leather chiton,Katharina tunicata,78979,Aquatic foods,Mollusks,34587.0
395,FOOD00396,Wild leek,Allium ampeloprasum,42708,Vegetables,Onion-family vegetables,4681.0
396,FOOD00397,Common ling,Molva molva,164760,Aquatic foods,Fishes,163112.0
397,FOOD00398,Lingcod,Ophiodon elongatus,167116,Aquatic foods,Fishes,225387.0
398,FOOD00399,American lobster,Homarus americanus,97314,Aquatic foods,Crustaceans,6706.0
399,FOOD00400,Loganberry,Rubus loganobaccus,506229,Fruits,Berries,
400,FOOD00401,Lotus,Nelumbo,18397,Herbs and Spices,Other seeds,4430.0
401,FOOD00402,Sacred lotus,Nelumbo nucifera,18400,Vegetables,Other vegetables,4432.0
402,FOOD00403,White lupine,Lupinus albus,503572,Pulses,Other pulses,3870.0
403,FOOD00404,Malabar spinach,Basella alba,192210,Vegetables,Leaf vegetables,3589.0
404,FOOD00405,Mammee apple,Mammea americana,21492,Fruits,Tropical fruits,198777.0
405,FOOD00406,Purple mangosteen,Garcinia mangostana,21484,Fruits,Tropical fruits,58228.0
406,FOOD00407,Alpine sweetvetch,Hedysarum alpinum,26723,Vegetables,Root vegetables,57576.0
407,FOOD00408,Milkfish,Chanos chanos,162838,Aquatic foods,Fishes,29144.0
408,FOOD00409,Monkfish,Lophius piscatorius,164501,Aquatic foods,Fishes,8074.0
409,FOOD00410,Moth bean,Vigna aconitifolia,506271,Pulses,Beans,3918.0
410,FOOD00411,Mountain yam,Dioscorea pentaphylla,43379,Vegetables,Tubers,167592.0
411,FOOD00412,Striped mullet,Mugil cephalus,170335,Aquatic foods,Fishes,48193.0
412,FOOD00413,White mustard,Sinapis alba,23309,Herbs and Spices,Spices,3728.0
413,FOOD00414,Mustard spinach,Brassica perviridis,506223,Vegetables,Cabbages,
414,FOOD00415,New Zealand spinach,Tetragonia tetragonioides,19938,Vegetables,Leaf vegetables,45318.0
415,FOOD00416,Nopal,Opuntia cochenillifera,19699,Vegetables,Other vegetables,338184.0
416,FOOD00417,Ocean pout,Zoarces americanus,630979,Aquatic foods,Fishes,8199.0
417,FOOD00418,North Pacific giant octopus,Enteroctopus dofleini,557227,Aquatic foods,Mollusks,267067.0
418,FOOD00419,Ohelo berry,Vaccinium reticulatum,23622,Fruits,Berries,180767.0
419,FOOD00420,Okra,Abelmoschus esculentus,21770,Vegetables,Other vegetables,455045.0
420,FOOD00421,Tunicate,Tunicata,203347,Aquatic foods,Other aquatic foods,7712.0
421,FOOD00422,Ostrich,Struthio camelus,174375,Animal foods,Poultry,8801.0
422,FOOD00423,Spotted seal,Phoca largha,180642,Aquatic foods,Pinnipeds,39090.0
423,FOOD00424,Pacific herring,Clupea pallasii,551209,Aquatic foods,Fishes,30724.0
424,FOOD00425,Pacific oyster,Crassostrea gigas,79868,Aquatic foods,Mollusks,29159.0
425,FOOD00426,Pacific rockfish,Sebastes,166705,Aquatic foods,Fishes,34820.0
426,FOOD00427,Velvet duck,Melanitta fusca,175163,Animal foods,Poultry,371864.0
427,FOOD00428,Pepper (C. frutescens),Capsicum annuum var. annuum,527044,Vegetables,Fruit vegetables,40321.0
428,FOOD00429,Common persimmon,Diospyros virginiana,23855,Fruits,Tropical fruits,13493.0
429,FOOD00430,Pheasant,Phasianus colchicus,175905,Animal foods,Poultry,9054.0
430,FOOD00431,Northern pike,Esox lucius,162139,Aquatic foods,Fishes,8010.0
431,FOOD00432,Pili nut,Canarium ovatum,506413,Nuts,Nuts,43691.0
432,FOOD00433,Colorado pinyon,Pinus edulis,183336,Nuts,Nuts,3340.0
433,FOOD00434,Pitanga,Eugenia uniflora,27224,Fruits,Tropical fruits,119951.0
434,FOOD00435,Plains prickly pear,Opuntia macrorhiza,19718,Fruits,Tropical fruits,1041245.0
435,FOOD00436,French plantain,Musa X paradisiaca,42391,Fruits,Tropical fruits,89151.0
436,FOOD00437,American pokeweed,Phytolacca americana,19523,Vegetables,Shoot vegetables,3527.0
437,FOOD00438,Opium poppy,Papaver somniferum,18894,Herbs and Spices,Spices,3469.0
438,FOOD00439,Prairie turnip,Pediomelum esculentum,504177,Vegetables,Root vegetables,458363.0
439,FOOD00440,Prickly pear,Opuntia,19686,Fruits,Tropical fruits,106975.0
440,FOOD00441,Quinoa,Chenopodium quinoa,506567,Herbs and Spices,Other seeds,63459.0
441,FOOD00442,European rabbit,Oryctolagus,180128,Animal foods,Lagomorphs,9984.0
442,FOOD00443,Rainbow smelt,Osmerus mordax,162041,Aquatic foods,Fishes,8014.0
443,FOOD00444,Rainbow trout,Oncorhynchus mykiss,161989,Aquatic foods,Fishes,8022.0
444,FOOD00445,Malabar plum,Syzygium jambos,505420,Fruits,Tropical fruits,334483.0
445,FOOD00446,Rose hip,Rosa,24807,Herbs and Spices,Herbs,3764.0
446,FOOD00447,Roselle,Hibiscus sabdariffa,503001,Herbs and Spices,Herbs,183260.0
447,FOOD00448,Orange roughy,Hoplostethus atlanticus,166139,Aquatic foods,Fishes,96778.0
448,FOOD00449,Sablefish,Anoplopoma fimbria,167123,Aquatic foods,Fishes,229290.0
449,FOOD00450,Pink salmon,Oncorhynchus gorbuscha,161975,Aquatic foods,Fishes,8017.0
450,FOOD00451,Chum salmon,Oncorhynchus keta,161976,Aquatic foods,Fishes,8018.0
451,FOOD00452,Coho salmon,Oncorhynchus kisutch,161977,Aquatic foods,Fishes,8019.0
452,FOOD00453,Sockeye salmon,Oncorhynchus nerka,161979,Aquatic foods,Fishes,8023.0
453,FOOD00454,Chinook salmon,Oncorhynchus tshawytscha,161980,Aquatic foods,Fishes,74940.0
454,FOOD00455,Atlantic salmon,Salmo salar,161996,Aquatic foods,Fishes,8030.0
455,FOOD00456,Salmonberry,Rubus spectabilis,25051,Fruits,Berries,59499.0
456,FOOD00457,Common salsify,Tragopogon porrifolius,38568,Vegetables,Root vegetables,13731.0
457,FOOD00458,Sapodilla,Manilkara zapota,23823,Fruits,Tropical fruits,3741.0
458,FOOD00459,Mamey sapote,Pouteria sapota,23836,Fruits,Tropical fruits,233744.0
459,FOOD00460,Spanish mackerel,Scomberomorus maculatus,172436,Aquatic foods,Fishes,99344.0
460,FOOD00461,Pacific sardine,Sardinops sagax,161729,Aquatic foods,Fishes,28381.0
461,FOOD00462,Scallop,Pectinidae,79611,Aquatic foods,Mollusks,6566.0
462,FOOD00463,Scup,Stenotomus chrysops,169182,Aquatic foods,Fishes,35579.0
463,FOOD00464,Sea cucumber,Parastichopus californicus,158344,Aquatic foods,Other aquatic foods,7689.0
464,FOOD00465,Steller sea lion,Eumetopias jubatus,180625,Aquatic foods,Pinnipeds,34886.0
465,FOOD00466,Bearded seal,Erignathus barbatus,180655,Aquatic foods,Pinnipeds,39304.0
466,FOOD00467,Ringed seal,Pusa hispida,622018,Aquatic foods,Pinnipeds,9718.0
467,FOOD00468,Sea trout,Salmo trutta forma trutta,169238,Aquatic foods,Fishes,13028.0
468,FOOD00469,Sesbania flower,Sesbania bispinosa,505187,Vegetables,Other vegetables,485725.0
469,FOOD00470,American shad,Alosa sapidissima,161702,Aquatic foods,Fishes,34773.0
470,FOOD00471,Shark,Squaliformes,160602,Aquatic foods,Fishes,282414.0
471,FOOD00472,Sheefish,Stenodus leucichthys,162006,Aquatic foods,Fishes,59296.0
472,FOOD00473,"Sheep (Mutton, Lamb)",Ovis aries,552475,Animal foods,Ovis,9940.0
473,FOOD00474,Sheepshead,Archosargus probatocephalus,169189,Aquatic foods,Fishes,119682.0
474,FOOD00475,Hedge mustard,Sisymbrium,23311,Herbs and Spices,Other seeds,3729.0
475,FOOD00476,Skipjack tuna,Katsuwonus pelamis,172401,Aquatic foods,Fishes,8226.0
476,FOOD00477,Snapper,Lutjanidae,168845,Aquatic foods,Fishes,30850.0
477,FOOD00478,Soursop,Annona muricata,18098,Fruits,Tropical fruits,13337.0
478,FOOD00479,Spelt,Triticum spelta,42243,Cereals and cereal products,Cereals,58933.0
479,FOOD00480,Spirulina,Spirulina,1053,Aquatic foods,Seaweed,551299.0
480,FOOD00481,Squab,Columba,177062,Animal foods,Poultry,8931.0
481,FOOD00482,Strawberry guava,Psidium cattleianum,27239,Fruits,Berries,375274.0
482,FOOD00483,Greater sturgeon,Acipenser,161065,Aquatic foods,Fishes,7901.0
483,FOOD00484,White sucker,Catostomus commersonii,553273,Aquatic foods,Fishes,7971.0
484,FOOD00485,Sugar apple,Annona squamosa,18100,Fruits,Tropical fruits,301693.0
485,FOOD00486,Pumpkinseed sunfish,Lepomis gibbosus,168144,Aquatic foods,Fishes,270329.0
486,FOOD00487,Swordfish,Xiphias gladius,172482,Aquatic foods,Fishes,8245.0
487,FOOD00488,Taro,Colocasia esculenta,42549,Vegetables,Root vegetables,4460.0
488,FOOD00489,Teff,Eragrostis tef,40738,Herbs and Spices,Herbs,110835.0
489,FOOD00490,Tilefish,Lopholatilus chamaeleonticeps,168546,Aquatic foods,Fishes,390349.0
490,FOOD00491,Mexican groundcherry,Physalis philadelphica var. immaculata,529632,Vegetables,Fruit vegetables,374021.0
491,FOOD00492,Towel gourd,Luffa aegyptiaca,503570,Gourds,Gourds,3670.0
492,FOOD00493,"Salmonidae (Salmon, Trout)",Salmonidae,161931,Aquatic foods,Fishes,8015.0
493,FOOD00494,Turkey,Meleagris gallopavo,176136,Animal foods,Poultry,9103.0
494,FOOD00495,"Cattle (Beef, Veal)",Bos taurus,183838,Animal foods,Bovines,9913.0
495,FOOD00496,Walleye,Sander vitreus,650173,Aquatic foods,Fishes,283036.0
496,FOOD00497,Alaska pollock,Theragra chalcogramma,164722,Aquatic foods,Fishes,1042646.0
497,FOOD00498,Wasabi,Wasabia japonica,506210,Herbs and Spices,Spices,75806.0
498,FOOD00499,Wax gourd,Benincasa hispida,505894,Gourds,Gourds,102211.0
499,FOOD00500,Whelk,Buccinidae,73726,Aquatic foods,Mollusks,37796.0
500,FOOD00501,Coalfish pollock,Pollachius virens,164727,Aquatic foods,Fishes,8060.0
501,FOOD00502,Broad whitefish,Coregonus nasus,161936,Aquatic foods,Fishes,348707.0
502,FOOD00503,Whitefish,Coregonus,161932,Aquatic foods,Fishes,27772.0
503,FOOD00504,Whiting,Merlangius merlangus,164701,Aquatic foods,Fishes,8058.0
504,FOOD00505,Wild rice,Zizania,41318,Cereals and cereal products,Cereals,15949.0
505,FOOD00506,Tea leaf willow,Salix pulchra,22488,Herbs and Spices,Herbs,669814.0
506,FOOD00507,Winged bean,Psophocarpus tetragonolobus,506265,Pulses,Beans,3891.0
507,FOOD00508,Yam,Dioscorea,43366,Vegetables,Tubers,4672.0
508,FOOD00509,Jicama,Pachyrhizus erosus,26824,Vegetables,Root vegetables,109171.0
509,FOOD00510,Yautia,Xanthosoma sagittifolium,42586,Vegetables,Leaf vegetables,28478.0
510,FOOD00511,Yellowfin tuna,Thunnus albacares,172423,Aquatic foods,Fishes,8236.0
511,FOOD00512,Yellowtail amberjack,Seriola lalandi,168695,Aquatic foods,Fishes,302047.0
512,FOOD00513,Pollock,Pollachius,164726,Aquatic foods,Fishes,8059.0
513,FOOD00514,Albacore tuna,Thunnus alalunga,172419,Aquatic foods,Fishes,8235.0
514,FOOD00515,Gadus (Common cod),Gadus,164710,Aquatic foods,Fishes,8048.0
515,FOOD00516,Atlantic halibut,Hippoglossus hippoglossus,172933,Aquatic foods,Fishes,8267.0
516,FOOD00517,Pacific halibut,Hippoglossus stenolepis,172932,Aquatic foods,Fishes,195615.0
517,FOOD00518,Pacific salmon,Oncorhynchus,161974,Aquatic foods,Fishes,8016.0
518,FOOD00519,Smelt,Osmeridae,162028,Aquatic foods,Fishes,8012.0
519,FOOD00520,"Clupeinae (Herring, Sardine, Sprat)",Clupeinae,551153,Aquatic foods,Fishes,7948.0
520,FOOD00521,Spiny lobster,Palinuridae,97646,Aquatic foods,Crustaceans,6731.0
521,FOOD00522,Snow crab,Chionoecetes opilio,98428,Aquatic foods,Crustaceans,41210.0
522,FOOD00523,Black-eyed pea,Vigna unguiculata ssp. unguiculata,524855,Pulses,Peas,3920.0
523,FOOD00524,Deer,Cervidae,180693,Animal foods,Venison,9850.0
524,FOOD00525,Macadamia nut,Macadamia,27784,Nuts,Nuts,4329.0
525,FOOD00526,Percoidei (Bass and others),Percoidei,167641,Aquatic foods,Fishes,8112.0
526,FOOD00527,Perciformes,Perciformes,167640,Aquatic foods,Fishes,8111.0
527,FOOD00528,Rabbit,Leporidae,180110,Animal foods,Lagomorphs,9979.0
528,FOOD00529,Domestic goat,Capra aegagrus hircus,180715,Animal foods,Caprae,9925.0
529,FOOD00530,Beefalo,Bos taurus X Bison bison,,Animal foods,Bovines,297284.0
530,FOOD00531,"Bivalvia (Clam, Mussel, Oyster)",Bivalvia,79118,Aquatic foods,Mollusks,6544.0
531,FOOD00532,Squid,Teuthida,82367,Aquatic foods,Mollusks,551290.0
532,FOOD00533,Shrimp,Caridea,96106,Aquatic foods,Crustaceans,6694.0
533,FOOD00534,Crayfish,Astacidea,206931,Aquatic foods,Crustaceans,6712.0
534,FOOD00535,Flatfish,Pleuronectiformes,172702,Aquatic foods,Fishes,8252.0
535,FOOD00536,Domestic pig,Sus scrofa domestica,898917,Animal foods,Swine,9825.0
536,FOOD00537,Walrus,Odobenus rosmarus,180639,Aquatic foods,Pinnipeds,9707.0
537,FOOD00538,Alaska wild rhubarb,Polygonum alpinum,20870,Vegetables,Stalk vegetables,125586.0
538,FOOD00539,Oriental wheat,Triticum turanicum,506631,Cereals and cereal products,Cereals,376534.0
539,FOOD00540,Yardlong bean,Vigna unguiculata ssp. sesquipedalis,524853,Pulses,Peas,138955.0
540,FOOD00541,Quail,Phasianidae,175861,Animal foods,Poultry,9005.0
541,FOOD00542,Boysenberry,Rubus ursinus X idaeus,,Fruits,Berries,
542,FOOD00543,Persian lime,Citrus latifolia,,Fruits,Citrus,200541.0
543,FOOD00544,Feijoa,Feijoa sellowiana,506165,Fruits,Tropical fruits,260130.0
544,FOOD00545,Rowal,Pangium edule,837784,Herbs and Spices,Other seeds,112823.0
545,FOOD00546,Jew's ear,Auricularia auricula-judae,,Vegetables,Mushrooms,29892.0
546,FOOD00547,Common mushroom,Agaricus bisporus,,Vegetables,Mushrooms,5341.0
547,FOOD00548,Shiitake,Lentinus edodes,,Vegetables,Mushrooms,5353.0
548,FOOD00549,Purple laver,Porphyra laciniata,,Aquatic foods,Seaweed,
549,FOOD00550,Wakame,Undaria pinnatifida,,Aquatic foods,Seaweed,74381.0
550,FOOD00551,Enokitake,Flammulina velutipes,,Vegetables,Mushrooms,38945.0
551,FOOD00552,Epazote,Dysphania ambrosioides,822812,Herbs and Spices,Herbs,330163.0
552,FOOD00553,Oyster mushroom,Pleurotus ostreatus,,Vegetables,Mushrooms,5322.0
553,FOOD00554,Cloud ear fungus,Auricularia polytricha,,Vegetables,Mushrooms,29893.0
554,FOOD00555,Maitake,Grifola frondosa,,Vegetables,Mushrooms,5627.0
555,FOOD00556,Ostrich fern,Matteuccia struthiopteris,17596,Vegetables,Leaf vegetables,3277.0
556,FOOD00557,Spot croaker,Leiostomus xanthurus,169267,Aquatic foods,Fishes,59837.0
557,FOOD00558,Sourdock,Rumex articus,20935,Herbs and Spices,Herbs,395311.0
558,FOOD00559,Tinda,Citrullus lanatus var. fistulosus,,Gourds,Gourds,
559,FOOD00560,Atlantic menhaden,Brevoortia tyrannus,161732,Aquatic foods,Fishes,224708.0
560,FOOD00561,Wheat,Triticum,42236,Cereals and cereal products,Cereals,4564.0
561,FOOD00562,Common chokecherry,Prunus virginiana,24806,Fruits,Drupes,133204.0
562,FOOD00563,Agave,Agave,182659,Vegetables,Other vegetables,39509.0
563,FOOD00564,Narrowleaf cattail,Typha angustifolia,42325,Vegetables,Other vegetables,59011.0
564,FOOD00565,Jellyfish,Scyphozoa,51483,Aquatic foods,Other aquatic foods,6142.0
565,FOOD00566,Anchovy,Engraulidae,553173,Aquatic foods,Fishes,43062.0
566,FOOD00567,Blue whiting,Micromesistius poutassou,164774,Aquatic foods,Fishes,81636.0
567,FOOD00568,Carp bream,Abramis brama,163666,Aquatic foods,Fishes,38527.0
568,FOOD00569,Chanterelle,Cantharellus cibarius,,Vegetables,Mushrooms,36066.0
569,FOOD00570,Sturgeon,Acipenseridae,161064,Aquatic foods,Fishes,7900.0
570,FOOD00571,Charr,Salvelinus,161999,Aquatic foods,Fishes,8033.0
571,FOOD00572,Cinnamon,Cinnamomum,18174,Herbs and Spices,Spices,13428.0
572,FOOD00573,Crab,Brachyura,98276,Aquatic foods,Crustaceans,6752.0
573,FOOD00574,Common dab,Limanda limanda,172881,Aquatic foods,Fishes,27771.0
574,FOOD00575,Spiny dogfish,Squalus acanthias,160617,Aquatic foods,Fishes,7797.0
575,FOOD00576,Anatidae,Anatidae,174983,Animal foods,Poultry,8830.0
576,FOOD00577,Anguilliformes,Anguilliformes,161123,Aquatic foods,Fishes,7933.0
577,FOOD00578,True frog,Ranidae,173433,Aquatic foods,Amphibians,8397.0
578,FOOD00579,Garfish,Belone belone,165594,Aquatic foods,Fishes,129037.0
579,FOOD00580,Gadiformes,Gadiformes,164665,Aquatic foods,Fishes,8043.0
580,FOOD00581,Mountain hare,Lepus timidus,180113,Animal foods,Lagomorphs,62621.0
581,FOOD00582,Lake trout,Salvelinus namaycush,162002,Aquatic foods,Fishes,8040.0
582,FOOD00583,Lemon sole,Microstomus kitt,172888,Aquatic foods,Fishes,106175.0
583,FOOD00584,Clawed lobster,Nephropidae,97307,Aquatic foods,Crustaceans,6704.0
584,FOOD00585,Lumpsucker,Cyclopteridae,167483,Aquatic foods,Fishes,8101.0
585,FOOD00586,"Scombridae (Bonito, Mackerel, Tuna)",Scombridae,172398,Aquatic foods,Fishes,8224.0
586,FOOD00587,Marine mussel,Mytilidae,79451,Aquatic foods,Mollusks,6547.0
587,FOOD00588,Norway haddock,Sebastes viviparus,166779,Aquatic foods,Fishes,394708.0
588,FOOD00589,Norway lobster,Nephrops norvegicus,97317,Aquatic foods,Crustaceans,6829.0
589,FOOD00590,Norway pout,Trisopterus esmarkii,164756,Aquatic foods,Fishes,80723.0
590,FOOD00591,Oil palm,Elaeis,500805,Herbs and Spices,Oilseed crops,51952.0
591,FOOD00592,True oyster,Ostreidae,79866,Aquatic foods,Mollusks,6563.0
592,FOOD00593,Sago palm,Metroxylon sagu,506732,Herbs and Spices,Oilseed crops,93297.0
593,FOOD00594,Persimmon,Diospyros,23853,Fruits,Tropical fruits,13492.0
594,FOOD00595,Pikeperch,Sander lucioperca,650172,Aquatic foods,Fishes,283035.0
595,FOOD00596,"Pleuronectidae (Dab, Halibut, Plaice)",Pleuronectidae,172859,Aquatic foods,Fishes,8256.0
596,FOOD00597,Rock ptarmigan,Lagopus muta,677542,Animal foods,Poultry,64668.0
597,FOOD00598,Pacific ocean perch,Sebastes alutus,166707,Aquatic foods,Fishes,72055.0
598,FOOD00599,Black salsify,Scorzonera hispanica,505091,Vegetables,Root vegetables,114289.0
599,FOOD00600,True seal,Phocidae,180640,Aquatic foods,Pinnipeds,9709.0
600,FOOD00601,Red algae,Rhodophyta,660046,Aquatic foods,Seaweed,2763.0
601,FOOD00602,Kombu,Saccharina japonica,,Aquatic foods,Seaweed,88149.0
602,FOOD00603,Snail,Gastropoda,69459,Aquatic foods,Mollusks,6448.0
603,FOOD00604,True sole,Soleidae,172980,Aquatic foods,Fishes,30948.0
604,FOOD00605,Catfish,Siluriformes,163992,Aquatic foods,Fishes,7995.0
605,FOOD00606,Thistle,Cirsium,36334,Vegetables,Root vegetables,41549.0
606,FOOD00607,Thunnus,Thunnus,172418,Aquatic foods,Fishes,8234.0
607,FOOD00608,Walnut,Juglans,19248,Nuts,Nuts,16718.0
608,FOOD00609,"Cetacea (Dolphin, Porpoise, Whale)",Cetacea,180403,Aquatic foods,Cetaceans,9721.0
609,FOOD00610,"Columbidae (Dove, Pigeon)",Columbidae,177061,Animal foods,Poultry,8930.0
610,FOOD00611,Conch,Strombidae,72554,Aquatic foods,Mollusks,69694.0
611,FOOD00612,Grape wine,,,Beverages,Fermented beverages,
612,FOOD00613,Berry wine,,,Beverages,Fermented beverages,
613,FOOD00614,Other wine,,,Beverages,Fermented beverages,
614,FOOD00615,Apple cider,,,Beverages,Fermented beverages,
615,FOOD00616,Liquor,,,Beverages,Distilled beverages,
616,FOOD00617,Cheese,,,Milk and milk products,Fermented milk products,
617,FOOD00618,Milk (Cow),,,Milk and milk products,Unfermented milks,
618,FOOD00619,Eggs,,,Eggs,Eggs,
619,FOOD00620,Yogurt,,,Milk and milk products,Fermented milk products,
620,FOOD00621,Bean,,,Pulses,Beans,
621,FOOD00622,Vodka,,,Beverages,Distilled beverages,
622,FOOD00623,Whisky,,,Beverages,Distilled beverages,
623,FOOD00624,Ice cream,,,Confectioneries,Frozen desserts,
624,FOOD00625,Gin,,,Beverages,Distilled beverages,
625,FOOD00626,Honey,,,Confectioneries,Other confectioneries,
626,FOOD00627,Liquorice,,,Confectioneries,Candies,
627,FOOD00628,Vinegar,,,Baking goods,Seasonings,
628,FOOD00629,Rum,,,Beverages,Distilled beverages,
629,FOOD00630,Port wine,,,Beverages,Fortified wines,
630,FOOD00631,Vermouth,,,Beverages,Fortified wines,
631,FOOD00632,Sherry,,,Beverages,Fortified wines,
632,FOOD00633,Madeira wine,,,Beverages,Fortified wines,
633,FOOD00634,Nougat,,,Confectioneries,Other confectioneries,
634,FOOD00635,Toffee,,,Confectioneries,Other confectioneries,
635,FOOD00636,Cake,,,Confectioneries,Desserts,
636,FOOD00637,Pizza,,,Dishes,Other dishes,
637,FOOD00638,Ymer,,,Milk and milk products,Fermented milk products,
638,FOOD00639,Other snack food,,,Snack foods,Snack foods,
639,FOOD00640,Crisp bread,,,Cereals and cereal products,Flat breads,
640,FOOD00641,Pastry,,,Confectioneries,Desserts,
641,FOOD00642,Dragée,,,Confectioneries,Candies,
642,FOOD00643,Chewing gum,,,Confectioneries,Candies,
643,FOOD00644,Marzipan,,,Confectioneries,Other confectioneries,
644,FOOD00645,Salad dressing,,,Baking goods,Dressings,
645,FOOD00646,Sauce,,,Baking goods,Sauces,
646,FOOD00647,Salt,,,Baking goods,Seasonings,
647,FOOD00648,Butter,,,Milk and milk products,Other milk products,
648,FOOD00649,Butter substitute,,,Baking goods,Substitutes,
649,FOOD00650,Cream,,,Milk and milk products,Other milk products,
650,FOOD00651,Sugar,,,Baking goods,Sugars,
651,FOOD00652,Sausage,,,Dishes,Ground meat,
652,FOOD00653,Meatball,,,Dishes,Ground meat,
653,FOOD00654,Mustard,,,Baking goods,Condiments,
654,FOOD00655,Pate,,,Dishes,Ground meat,
655,FOOD00656,Sugar substitute,,,Baking goods,Substitutes,
656,FOOD00657,Meat bouillon,,,Baking goods,Baking goods,
657,FOOD00658,Whey,,,Milk and milk products,Other milk products,
658,FOOD00659,Casein,,,Milk and milk products,Other milk products,
659,FOOD00660,Fruit preserve,,,Fruits,Fruit products,
660,FOOD00661,Leavening agent,,,Baking goods,Baking goods,
661,FOOD00662,Marshmallow,,,Confectioneries,Candies,
662,FOOD00663,Gelatin,,,Baking goods,Baking goods,
663,FOOD00664,Water,,,Beverages,Waters,
664,FOOD00665,Other fish product,,,Aquatic foods,Fish products,
665,FOOD00666,Milk (Human),,,Milk and milk products,Unfermented milks,
666,FOOD00667,Other beverage,,,Beverages,Other beverages,
667,FOOD00668,Baby food,,,Baby foods,Baby foods,
668,FOOD00669,Dumpling,,,Dishes,Other dishes,
669,FOOD00670,Soup,,,Dishes,Other dishes,
670,FOOD00671,Other vegetable product,,,Vegetables,Vegetable products,
671,FOOD00672,Unclassified food or beverage,,,Unclassified,Unclassified,
672,FOOD00673,Syrup,,,Baking goods,Baking goods,
673,FOOD00674,Tallow,,,Fats and oils,Animal fats,
674,FOOD00675,Remoulade,,,Baking goods,Condiments,
675,FOOD00676,Chocolate spread,,,Confectioneries,Spreads,
676,FOOD00677,Fruit gum,,,Confectioneries,Candies,
677,FOOD00678,Curry powder,,,Herbs and Spices,Herb and spice mixtures,
678,FOOD00679,Other candy,,,Confectioneries,Candies,
679,FOOD00680,Meringue,,,Confectioneries,Other confectioneries,
680,FOOD00681,Lard,,,Fats and oils,Animal fats,
681,FOOD00682,Other animal fat,,,Fats and oils,Animal fats,
682,FOOD00683,Other cocoa product,,,Cocoa and cocoa products,Cocoa products,
683,FOOD00684,Cocoa butter,,,Cocoa and cocoa products,Cocoa products,
684,FOOD00685,Cocoa powder,,,Cocoa and cocoa products,Cocoa products,
685,FOOD00686,Cocoa liquor,,,Cocoa and cocoa products,Cocoa products,
686,FOOD00687,Chocolate,,,Cocoa and cocoa products,Cocoa products,
687,FOOD00688,Hot chocolate,,,Cocoa and cocoa products,Cocoa products,
688,FOOD00689,Dried milk,,,Milk and milk products,Other milk products,
689,FOOD00690,Milk (Other mammals),,,Milk and milk products,Unfermented milks,
690,FOOD00691,Kefir,,,Milk and milk products,Fermented milks,
691,FOOD00692,Buttermilk,,,Milk and milk products,Fermented milks,
692,FOOD00693,Other fermented milk,,,Milk and milk products,Fermented milks,
693,FOOD00694,Soy sauce,,,Soy,Soy products,
694,FOOD00695,Miso,,,Soy,Soy products,
695,FOOD00696,Tofu,,,Soy,Soy products,
696,FOOD00697,Zwieback,,,Cereals and cereal products,Leavened breads,
697,FOOD00698,Roe,,,Aquatic foods,Roe,
698,FOOD00699,Cichlidae (Tilapia),Cichlidae,169770,Aquatic foods,Fishes,8113.0
699,FOOD00700,Icing,,,Confectioneries,Other confectioneries,
700,FOOD00701,Snack bar,,,Snack foods,Snack foods,
701,FOOD00702,Green turtle,Chelonia mydas,173833,Aquatic foods,Other aquatic foods,8469.0
702,FOOD00703,Energy drink,,,Beverages,Nutritional beverages,
703,FOOD00704,Burrito,,,Dishes,Tex-Mex cuisine,
704,FOOD00705,Hamburger,,,Dishes,Sandwiches,
705,FOOD00706,Baked beans,,,Dishes,Other dishes,
706,FOOD00707,Chili,,,Dishes,Tex-Mex cuisine,
707,FOOD00708,Taco,,,Dishes,Tex-Mex cuisine,
708,FOOD00709,Tortilla,,,Cereals and cereal products,Flat breads,
709,FOOD00710,Nachos,,,Dishes,Tex-Mex cuisine,
710,FOOD00711,Processed cheese,,,Milk and milk products,Fermented milk products,
711,FOOD00712,Salad,,,Dishes,Other dishes,
712,FOOD00713,Cream substitute,,,Baking goods,Substitutes,
713,FOOD00714,Dulce de leche,,,Confectioneries,Spreads,
714,FOOD00715,Topping,,,Baking goods,Baking goods,
715,FOOD00716,Sweet custard,,,Confectioneries,Milk desserts,
716,FOOD00717,Egg roll,,,Dishes,Asian cuisine,
717,FOOD00718,Heart of palm,,,Vegetables,Other vegetables,
718,FOOD00719,Popcorn,,,Snack foods,Snack foods,
719,FOOD00720,Potato chip,,,Snack foods,Snack foods,
720,FOOD00721,Tortilla chip,,,Snack foods,Snack foods,
721,FOOD00722,Corn chip,,,Snack foods,Snack foods,
722,FOOD00723,Hibiscus tea,Hibiscus sabbariffa,21617,Teas,Herbal teas,183260.0
723,FOOD00724,Stew,,,Dishes,Other dishes,
724,FOOD00725,Gelatin dessert,,,Confectioneries,Desserts,
725,FOOD00726,Junket,,,Confectioneries,Milk desserts,
726,FOOD00727,Falafel,,,Dishes,Other dishes,
727,FOOD00728,Frybread,,,Dishes,Other dishes,
728,FOOD00729,Other frozen dessert,,,Confectioneries,Frozen desserts,
729,FOOD00730,Lasagna,,,Dishes,Pasta dishes,
730,FOOD00731,Morchella (Morel),Morchellaceae,612936,Vegetables,Mushrooms,5192.0
731,FOOD00732,Pancake,,,Dishes,Other dishes,
732,FOOD00733,Pectin,,,Baking goods,Baking goods,
733,FOOD00734,Pudding,,,Confectioneries,Desserts,
734,FOOD00735,Waffle,,,Dishes,Other dishes,
735,FOOD00736,Soy milk,,,Soy,Soy products,
736,FOOD00737,Meatloaf,,,Dishes,Ground meat,
737,FOOD00738,Sake,,,Beverages,Fermented beverages,
738,FOOD00739,Cocktail,,,Beverages,Alcoholic beverages,
739,FOOD00740,Couscous,,,Dishes,Berber cuisine,
740,FOOD00741,Bulgur,,,Cereals and cereal products,Cereal products,
741,FOOD00742,Coffee substitute,,,Baking goods,Substitutes,
742,FOOD00743,Coffee mocha,,,Coffee and coffee products,Coffee products,
743,FOOD00744,Chimichanga,,,Dishes,Mexican cuisine,
744,FOOD00745,Semolina,,,Cereals and cereal products,Cereal products,
745,FOOD00746,Tapioca pearl,,,Baking goods,Baking goods,
746,FOOD00747,Tostada,,,Dishes,Mexican cuisine,
747,FOOD00748,Quesadilla,,,Dishes,Mexican cuisine,
748,FOOD00749,Baked potato,,,Dishes,Potato dishes,
749,FOOD00750,Hot dog,,,Dishes,Sandwiches,
750,FOOD00751,Spread,,,Baking goods,Baking goods,
751,FOOD00752,Enchilada,,,Dishes,Mexican cuisine,
752,FOOD00753,Egg substitute,,,Baking goods,Substitutes,
753,FOOD00754,Nutritional drink,,,Beverages,Nutritional beverages,
754,FOOD00755,Other sandwich,,,Dishes,Sandwiches,
755,FOOD00756,Ketchup,,,Baking goods,Condiments,
756,FOOD00757,Breakfast sandwich,,,Dishes,Sandwiches,
757,FOOD00758,Adobo,,,Baking goods,Seasonings,
758,FOOD00759,Macaroni and cheese,,,Dishes,Pasta dishes,
759,FOOD00760,Butterfat,,,Milk and milk products,Other milk products,
760,FOOD00761,Horned melon,Cucumis metuliferus,501835,Gourds,Gourds,61886.0
761,FOOD00762,Hushpuppy,,,Dishes,American cuisine,
762,FOOD00763,Fruit juice,,,Beverages,Other beverages,
763,FOOD00764,Relish,,,Baking goods,Condiments,
764,FOOD00765,Other fruit product,,,Fruits,Fruit products,
765,FOOD00766,Fruit salad,,,Fruits,Fruit products,
766,FOOD00767,Soy yogurt,,,Soy,Soy products,
767,FOOD00768,Vegetarian food,,,Dishes,Other dishes,
768,FOOD00769,Veggie burger,,,Dishes,Sandwiches,
769,FOOD00770,Cold cut,,,Dishes,Ground meat,
770,FOOD00771,Mixed nuts,,,Nuts,Nuts,
771,FOOD00772,Canola,,,Herbs and spices,Oilseed crops,138011.0
772,FOOD00773,Babassu palm,Attalea speciosa,509373,Herbs and Spices,Oilseed crops,145700.0
773,FOOD00774,Cupuaçu,Theobroma grandiflorum,506108,Herbs and Spices,Oilseed crops,108881.0
774,FOOD00775,Shea tree,Vitellaria paradoxa,505960,Herbs and Spices,Oilseed crops,292385.0
775,FOOD00776,Oil-seed Camellia,Camellia oleifera,,Herbs and Spices,Oilseed crops,385388.0
776,FOOD00777,Ucuhuba,Virola surinamensis,18123,Herbs and Spices,Oilseed crops,224910.0
777,FOOD00778,Phyllo dough,,,Baking goods,Baking goods,
778,FOOD00779,Cooking oil,,,Baking goods,Baking goods,
779,FOOD00780,Pie crust,,,Baking goods,Wrappers,
780,FOOD00781,Pie filling,,,Baking goods,Baking goods,
781,FOOD00782,Pie,,,Confectioneries,Desserts,
782,FOOD00783,Shortening,,,Fats and oils,Vegetable fats,
783,FOOD00784,Soy cream,,,Soy,Soy products,
784,FOOD00785,Ice cream cone,,,Baking goods,Wrappers,
785,FOOD00786,Molasses,,,Baking goods,Baking goods,
786,FOOD00787,Cracker,,,Snack foods,Snack foods,
787,FOOD00788,Nance,Byrsonima crassifolia,29263,Fruits,Tropical fruits,4270.0
788,FOOD00789,Naranjilla,Solanum quitoense,30475,Fruits,Tropical fruits,227725.0
789,FOOD00790,Natto,,,Soy,Soy products,
790,FOOD00791,Ravioli,,,Dishes,Pasta dishes,
791,FOOD00792,Scrapple,,,Dishes,American cuisine,
792,FOOD00793,Other pasta dish,,,Dishes,Pasta dishes,
793,FOOD00794,Succotash,,,Dishes,American cuisine,
794,FOOD00795,Tamale,,,Dishes,Latin American cuisine,
795,FOOD00796,Rice cake,,,Dishes,Asian cuisine,
796,FOOD00797,Tree fern,Cyathea,17937,Vegetables,Other vegetables,
797,FOOD00798,Evaporated milk,,,Milk and milk products,Other milk products,
798,FOOD00799,Flour,,,Cereals and cereal products,Cereal products,
799,FOOD00800,Akutaq,,,Confectioneries,Desserts,
800,FOOD00801,Dough,,,Cereals and cereal products,Doughs,
801,FOOD00802,Pita bread,,,Cereals and cereal products,Flat breads,
802,FOOD00803,Focaccia,,,Cereals and cereal products,Flat breads,
803,FOOD00804,Bagel,,,Cereals and cereal products,Leavened breads,
804,FOOD00805,Other bread product,,,Cereals and cereal products,Bread products,
805,FOOD00806,Piki bread,,,Cereals and cereal products,Flat breads,
806,FOOD00807,French toast,,,Cereals and cereal products,Leavened breads,
807,FOOD00808,Wheat bread,,,Cereals and cereal products,Leavened breads,
808,FOOD00809,Rye bread,,,Cereals and cereal products,Leavened breads,
809,FOOD00810,Oat bread,,,Cereals and cereal products,Leavened breads,
810,FOOD00811,Potato bread,,,Cereals and cereal products,Other breads,
811,FOOD00812,Cornbread,,,Cereals and cereal products,Flat breads,
812,FOOD00813,Corn grits,,,Cereals and cereal products,Cereal products,
813,FOOD00814,Multigrain bread,,,Cereals and cereal products,Leavened breads,
814,FOOD00815,Rice bread,,,Cereals and cereal products,Leavened breads,
815,FOOD00816,Pan dulce,,,Cereals and cereal products,Leavened breads,
816,FOOD00817,Raisin bread,,,Cereals and cereal products,Sweet breads,
817,FOOD00818,Wonton wrapper,,,Baking goods,Wrappers,
818,FOOD00819,Trail mix,,,Snack foods,Snack foods,
819,FOOD00820,Greenthread tea,Thelesperma,38517,Teas,Herbal teas,153159.0
820,FOOD00821,Fruit-flavor drink,,,Beverages,Other beverages,
821,FOOD00822,Vegetable juice,,,Beverages,Other beverages,
822,FOOD00823,Horchata,,,Beverages,Other beverages,
823,FOOD00824,Soft drink,,,Beverages,Other beverages,
824,FOOD00825,Frozen yogurt,,,Confectioneries,Frozen desserts,
825,FOOD00826,Milkshake,,,Confectioneries,Frozen desserts,
826,FOOD00827,Chocolate mousse,,,Confectioneries,Desserts,
827,FOOD00828,Dripping,,,Fats and oils,Animal fats,
828,FOOD00829,Pupusa,,,Dishes,Latin American cuisine,
829,FOOD00830,Empanada,,,Dishes,Latin American cuisine,
830,FOOD00831,Arepa,,,Dishes,Latin American cuisine,
831,FOOD00832,Ascidians,Ascidiacea,158854,Aquatic foods,Other aquatic foods,7713.0
832,FOOD00833,Gefilte fish,,,Dishes,Jewish cuisine,
833,FOOD00834,Yellow pond-lily,Nuphar lutea,503968,Herbs and Spices,Herbs,77113.0
834,FOOD00835,Fish burger,,,Dishes,Sandwiches,
835,FOOD00836,Other dish,,,Dishes,Other dishes,
836,FOOD00837,Pot pie,,,Dishes,Other dishes,
837,FOOD00838,Stuffing,,,Baking goods,Baking goods,
838,FOOD00839,Edible shell,,,Baking goods,Wrappers,
839,FOOD00840,Fudge,,,Confectioneries,Candies,
840,FOOD00841,Candy bar,,,Confectioneries,Candies,
841,FOOD00842,Condensed milk,,,Milk and milk products,Other milk products,
842,FOOD00843,Margarine,,,Fats and oils,Vegetable fats,
843,FOOD00844,Margarine-like spread,,,Fats and oils,Vegetable fats,
844,FOOD00845,Hummus,,,Dishes,Levantine cuisine,
845,FOOD00846,Potato puffs,,,Dishes,Potato dishes,
846,FOOD00847,Potato gratin,,,Dishes,Potato dishes,
847,FOOD00848,Milk substitute,,,Baking goods,Substitutes,
848,FOOD00849,Pepper (C. pubescens),Capsicum pubescens,505855,Vegetables,Fruit vegetables,113210.0
849,FOOD00850,Soft-necked garlic,Allium sativum L. var. sativum,,Herbs and Spices,Herbs,4682.0
850,FOOD00851,Cabbage,Brassica oleracea var. capitata,526962,Vegetables,Cabbages,3716.0
851,FOOD00852,Chinese bayberry,Myrica rubra,845180,Fruits,Berries,262757.0
852,FOOD00853,Mushrooms,,,Vegetables,Mushrooms,
853,FOOD00854,Alcoholic beverages,,,Beverages,Alcoholic beverages,
854,FOOD00855,Onion-family vegetables,,,Vegetables,Onion-family vegetables,
855,FOOD00856,Pomes,,,Fruits,Pomes,
856,FOOD00857,Brassicas,,,Vegetables,Brassicas,3705.0
857,FOOD00858,Cereals and cereal products,,,Cereals and cereal products,Cereals and cereal products,
858,FOOD00859,Citrus,,28882,Fruits,Citrus,
859,FOOD00860,Cocoa and cocoa products,,,Cocoa and cocoa products,Cocoa and cocoa products,
860,FOOD00861,Coffee and coffee products,,,Coffee and coffee products,Coffee and coffee products,
861,FOOD00862,Crustaceans,,83677,Aquatic foods,Crustaceans,6657.0
862,FOOD00863,Milk and milk products,,,Milk and milk products,Milk and milk products,
863,FOOD00864,Fats and oils,,,Fats and oils,Fats and oils,
864,FOOD00865,Fishes,,,Aquatic foods,Fishes,
865,FOOD00866,Herbs and Spices,,,Herbs and Spices,Herbs and Spices,
866,FOOD00867,Pulses,,,Pulses,Pulses,
867,FOOD00868,Mollusks,,69458,Aquatic foods,Mollusks,6447.0
868,FOOD00869,Nuts,,,Nuts,Nuts,
869,FOOD00870,Beverages,,,Beverages,Beverages,
870,FOOD00871,Fruits,,,Fruits,Fruits,
871,FOOD00872,Green vegetables,,,Vegetables,Green vegetables,
872,FOOD00873,Root vegetables,,,Vegetables,Root vegetables,
873,FOOD00874,Sunburst squash (pattypan squash),Cucurbita pepo var. clypeata,,Gourds,Gourds,
874,FOOD00875,Green zucchini,Cucurbita pepo var. cylindrica,,Gourds,Gourds,
875,FOOD00876,Yellow zucchini,Cucurbita pepo var. cylindrica,,Gourds,Gourds,
876,FOOD00877,Green bell pepper,Capsicum annuum,30492,Vegetables,Fruit vegetables,4072.0
877,FOOD00878,Yellow bell pepper,Capsicum annuum,30492,Vegetables,Fruit vegetables,4072.0
878,FOOD00879,Orange bell pepper,Capsicum annuum,30492,Vegetables,Fruit vegetables,4072.0
879,FOOD00880,Red bell pepper,Capsicum annuum,30492,Vegetables,Fruit vegetables,4072.0
880,FOOD00881,Italian sweet red pepper,Capsicum annuum,30492,Vegetables,Fruit vegetables,4072.0
881,FOOD00882,Yellow wax bean,Phaseolus vulgaris,26857,Pulses,Beans,3885.0
882,FOOD00883,Green bean,Phaseolus vulgaris,26857,Pulses,Beans,3885.0
883,FOOD00884,Saskatoon berry,Amelanchier alnifolia,25109,Fruits,Berries,32219.0
884,FOOD00885,Nanking cherry,Prunus tomentosa,504627,Fruits,Berries,105667.0
885,FOOD00886,Japanese pumpkin,Cucurbita maxima,22369,Gourds,Gourds,3661.0
886,FOOD00887,White cabbage,Brassica oleracea L. var. capitata L. f. alba DC.,526962,Vegetables,Cabbages,
887,FOOD00888,Romaine lettuce,Lactuca sativa L. var. longifolia,,Vegetables,Leaf vegetables,
888,FOOD00889,"Cow milk, pasteurized, vitamin A + D added, 0% fat",,,Milk and milk products,Unfermented milks,
889,FOOD00890,"Cow milk, pasteurized, vitamin A + D added, 1% fat",,,Milk and milk products,Unfermented milks,
890,FOOD00891,"Cow milk, pasteurized, vitamin A + D added, 2% fat",,,Milk and milk products,Unfermented milks,
891,FOOD00892,"Cow milk, pasteurized, vitamin D added, 3.25% fat",,,Milk and milk products,Unfermented milks,
892,FOOD00893,Castanospermum australe,Castanospermum australe,,Vegetables,,
893,FOOD00894,Gentiana lutea,Gentiana lutea,505985,Vegetables,,
894,FOOD00895,Juniperus communis,Juniperus communis,194820,Vegetables,,
895,FOOD00896,Albizia gummifera,Albizia gummifera,820328,Vegetables,,
896,FOOD00897,Mundu,Garcinia dulcis,506128,Fruits,Tropical fruits,
897,FOOD00898,Rabbiteye blueberry,Vaccinium virgatum,505636,Fruits,Berries,
898,FOOD00899,Yali pear,Pyrus × bretschneideri,,Fruits,Pomes,
899,FOOD00900,Asparagus racemosus,Asparagus racemosus,,Vegetables,Shoot vegetables,
900,FOOD00901,Evergreen blackberry,Rubus laciniatus,24853,Fruits,Berries,
901,FOOD00902,Asparagus fern,Asparagus setaceus,193453,Herbs and Spices,Herbs,
902,FOOD00903,Thornless blackberry,Rubus ulmifolius,530155,Fruits,Berries,
903,FOOD00904,Tropical highland blackberry,Rubus adenotrichos,,Fruits,Berries,
904,FOOD00905,Andean blackberry,Rubus glaucus,506228,Fruits,Berries,
905,FOOD00906,Blackberry,Rubus,,Fruits,Berries,
906,FOOD00907,Black tea,,,Teas,Teas,
907,FOOD00908,Green tea,,,Teas,Teas,
908,FOOD00909,Olive oil,,,Herbs and Spices,Oilseed crops,
909,FOOD00910,Macroalgae,,,Aquatic foods,Seaweed,
910,FOOD00911,Red wine,,,Beverages,Fermented beverages,
911,FOOD00912,linseed oil,,,Herbs and Spices,Oilseed crops,
912,FOOD00913,Rapeseed oil,,,Herbs and Spices,Oilseed crops,
913,FOOD00914,Soybean oil,,,Herbs and Spices,Oilseed crops,
914,FOOD00915,Guarana,Paullinia cupana,,Herbs and Spices,Herbs,
915,FOOD00916,Mate,Ilex paraguariensis,,Herbs and Spices,Herbs,
916,FOOD00917,White wine,,,Beverages,Fermented beverages,
917,FOOD00918,Sour orange,Citrus × aurantium,,Fruits,Citrus,
918,FOOD00919,Egg yolk,,,Eggs,Eggs,
919,FOOD00920,Rosé wine,,,Beverages,Fermented beverages,
920,FOOD00921,White mulberry,Morus alba,,Herbs and Spices,Herbs,
921,FOOD00922,Canola oil,,,Herbs and Spices,Oilseed crops,
922,FOOD00923,Dessert wine,,,Beverages,Fermented beverages,
923,FOOD00924,Red champagne,,,Beverages,Alcoholic beverages,
924,FOOD00925,Red tea,,,Teas,Teas,
925,FOOD00926,White champagne,,,Beverages,Alcoholic beverages,
926,FOOD00927,Red grape juice,,,Beverages,Beverages,
927,FOOD00928,White grape juice,,,Beverages,Beverages,
928,FOOD00929,Crosne,Stachys affinis,,Vegetables,Root vegetables,
929,FOOD00930,Red clover,Trifolium pratense,,Herbs and Spices,Herbs,
930,FOOD00931,Partridge berry,Mitchella repens,,Fruits,Berries,
931,FOOD00932,Mikan,Citrus unshiu,,Fruits,Citrus,
932,FOOD00933,Mozzarella cheese,,,Milk and milk products,Fermented milk products,
933,FOOD00934,Plain cream cheese,,,Milk and milk products,Fermented milk products,
934,FOOD00935,Cheddar Cheese,Cheddar Cheese,,Milk and milk products,Fermented milk products,
935,FOOD00936,Parmesan cheese,,,Milk and milk products,Fermented milk products,
936,FOOD00937,Almond milk,,,Milk and milk products,Other milk products,
937,FOOD00938,Coconut milk,,,Milk and milk products,Other milk products,
938,FOOD00939,Salted butter,,,Milk and milk products,Other milk products,
939,FOOD00940,Sunflower oil,,,Herbs and Spices,Oilseed crops,
940,FOOD00941,Coconut oil,,,Herbs and Spices,Oilseed crops,
941,FOOD00942,Peanut oil,,,Herbs and Spices,Oilseed crops,
942,FOOD00943,Cottonseed oil,,,Herbs and Spices,Oilseed crops,
943,FOOD00944,Corn oil,,,Herbs and Spices,Oilseed crops,
944,FOOD00945,Avocado oil,,,Herbs and Spices,Oilseed crops,
945,FOOD00946,Grapeseed oil,,,Herbs and Spices,Oilseed crops,
946,FOOD00947,Sesame oil,,,Herbs and Spices,Oilseed crops,
947,FOOD00948,Monterey Jack cheese,,,Milk and milk products,Fermented milk products,
948,FOOD00949,Swiss cheese,,,Milk and milk products,Fermented milk products,
949,FOOD00950,Cottage cheese,,,Milk and milk products,Fermented milk products,
950,FOOD00951,Blue cheese,,,Milk and milk products,Fermented milk products,
951,FOOD00952,Clam,,,Aquatic foods,Bivalvia,
952,FOOD00953,Sour cream,,,Milk and milk products,Other milk products,
953,FOOD00954,Whole wheat bread,,,Cereals and cereal products,Cereals,
954,FOOD00955,Jalapeno pepper,Capsicum annuum 'Jalapeño',,Vegetables,Fruit vegetables,
955,FOOD00956,Greek feta cheese,,,Milk and milk products,Fermented milk products,
956,FOOD00957,Eddoe,Colocasia antiquorum,,Vegetables,Root vegetables,
957,FOOD00958,Plantain,Musa × paradisiaca,,Fruits,Tropical fruits,
958,FOOD00959,Clementine,Citrus × clementina,,Fruits,Citrus,
959,FOOD00960,Green apple,,,Fruits,Pomes,
960,FOOD00961,White onion,,,Vegetables,Onion-family vegetables,
961,FOOD00962,Red onion,,,Vegetables,Onion-family vegetables,
962,FOOD00963,Green onion,,,Vegetables,Onion-family vegetables,
963,FOOD00964,Green grape,,,Fruits,Berries,
964,FOOD00965,Red grape,,,Fruits,Berries,
965,FOOD00966,Black plum,Syzygium cumini,,Fruits,Berries,
966,FOOD00967,Green cabbage,Brassica oleracea var. sabauda L.,,Vegetables,Cabbages,
967,FOOD00968,Black raisin,,,Fruits,Berries,
968,FOOD00969,Cannellini bean,,,Pulses,Beans,
969,FOOD00970,Green lentil,Lens culinaris,,Pulses,Pulses,
970,FOOD00971,Cubanelle pepper,,,Vegetables,Fruit vegetables,
971,FOOD00972,Acorn squash,Cucurbita pepo var. turbinata,,Gourds,Gourds,
972,FOOD00973,Iceberg lettuce,,,Vegetables,Leaf vegetables,
973,FOOD00974,Japanese sea bass,Lateolabrax japonicus,,Aquatic foods,Fishes,
974,FOOD00975,Pea shoots,,,Vegetables,Leaf vegetables,
975,FOOD00976,Yau choy,,,Vegetables,Leaf vegetables,
976,FOOD00977,Water spinach,Ipomoea aquatica,,Vegetables,Leaf vegetables,
977,FOOD00978,Chineese plum,,,Fruits,Berries,
978,FOOD00979,Green plum,,,Fruits,Berries,
979,FOOD00980,Wampee,Clausena lansium,,Fruits,Berries,
980,FOOD00981,Pitaya,Hylocereus undatus,,Fruits,Tropical fruits,
981,FOOD00982,Goji,,,Fruits,Berries,
982,FOOD00983,Monk fruit,Siraitia grosvenorii,,Fruits,Berries,
983,FOOD00984,Cantaloupe melon,Cucumis melo var. cantalupensis,,Gourds,Gourds,
984,FOOD00985,Hawthorn,Crataegus,,Fruits,Berries,
985,FOOD00986,Lantern fruit,Physalis alkekengi,,Fruits,Berries,
986,FOOD00987,White bread,,,Cereals and cereal products,Cereals,
987,FOOD00988,Cape gooseberry,Physalis peruviana,,Fruits,Berries,
988,FOOD00989,Herbal tea,,,Teas,Teas,
989,FOOD00990,Fish oil,,,,,
990,FOOD00991,Taco shell,,,,,
991,FOOD00992,Tostada shell,,,,,
